what's in the box ?,a. nothing,warm-up questions,11,multichoices questions
what's in the box ?,a. nothing,warm-up questions,25,multichoices questions
what's in the box ?,a. nothing,warm-up questions,9,multichoices questions
what's in the box ?,a. nothing,warm-up questions,16,multichoices questions
what's in the box ?,a. nothing,warm-up questions,10,multichoices questions
what's in the box ?,a. nothing,warm-up questions,17,multichoices questions
what's in the box ?,a. nothing,warm-up questions,15,multichoices questions
what's in the box ?,a. nothing,warm-up questions,22,multichoices questions
what's in the box ?,a. nothing,warm-up questions,12,multichoices questions
what's in the box ?,a. nothing,warm-up questions,27,multichoices questions
what's in the box ?,a. nothing,warm-up questions,8,multichoices questions
what's in the box ?,a. nothing,warm-up questions,28,multichoices questions
what's in the box ?,a. nothing,warm-up questions,20,multichoices questions
what's in the box ?,a. nothing,warm-up questions,3,multichoices questions
what's in the box ?,a. nothing,warm-up questions,23,multichoices questions
what's in the box ?,a. nothing,warm-up questions,14,multichoices questions
what's in the box ?,a. nothing,warm-up questions,6,multichoices questions
what's in the box ?,a. nothing,warm-up questions,24,multichoices questions
what's in the box ?,a. nothing,warm-up questions,13,multichoices questions
what's in the box ?,a. nothing,warm-up questions,7,multichoices questions
what's in the box ?,a. nothing,warm-up questions,26,multichoices questions
what's in the box ?,a. nothing,warm-up questions,19,multichoices questions
what's in the box ?,a. nothing,warm-up questions,18,multichoices questions
what's in the box ?,a. nothing,warm-up questions,21,multichoices questions
what's in the box ?,a. nothing,warm-up questions,29,multichoices questions
what's in the box ?,a. nothing,warm-up questions,4,multichoices questions
what's in the box ?,a. nothing,warm-up questions,30,multichoices questions
what's in the box ?,a. nothing,warm-up questions,5,multichoices questions
what's in the box ?,a. nothing,warm-up questions,2,multichoices questions
what's in the box ?,a. nothing,warm-up questions,1,multichoices questions